{
    "logistic_regression": {
        "accuracy": 0.7551020408163265,
        "precision": 0.3563218390804598,
        "recall": 0.6595744680851063,
        "f1_score": 0.4626865671641791,
        "roc_auc": 0.8036006546644844
    },
    "random_forest": {
        "accuracy": 0.8231292517006803,
        "precision": 0.35294117647058826,
        "recall": 0.1276595744680851,
        "f1_score": 0.1875,
        "roc_auc": 0.7903350848479628
    },
    "xgboost": {
        "accuracy": 0.8571428571428571,
        "precision": 0.5806451612903226,
        "recall": 0.3829787234042553,
        "f1_score": 0.46153846153846156,
        "roc_auc": 0.7696614695494876
    },
    "xgboost_tuned": {
        "accuracy": 0.8197278911564626,
        "precision": 0.4482758620689655,
        "recall": 0.5531914893617021,
        "f1_score": 0.49523809523809526,
        "roc_auc": 0.7961926091825308,
        "best_params": {
            "subsample": 0.7,
            "n_estimators": 800,
            "min_child_weight": 3,
            "max_depth": 2,
            "learning_rate": 0.05,
            "colsample_bytree": 0.6
        },
        "best_cv_score": 0.8045325010727096
    },
    "mlp": {
        "accuracy": 0.7687074829931972,
        "precision": 0.34782608695652173,
        "recall": 0.5106382978723404,
        "f1_score": 0.41379310344827586,
        "roc_auc": 0.7195279524506848
    }
}